{
  "model": "yolo11s-seg",
  "epochs_config": 100,
  "box_map50": 0.7208646359673923,
  "box_map50_95": 0.35748350018471364,
  "box_precision": 0.778102575503027,
  "box_recall": 0.6471336337536211,
  "mask_map50": 0.6538939306866964,
  "mask_map50_95": 0.2620545111387782,
  "mask_precision": 0.726447285598817,
  "mask_recall": 0.6041652886074299,
  "per_class_box_map50_95": [
    0.3448040758468668,
    0.32798088684208543,
    0.39966553786518866
  ],
  "classes": {
    "0": "Animal",
    "1": "Waste",
    "2": "Person"
  }
}